,Player,Goals_18,ixG_18,Goals_19,ixG_19
0,Nikita Kucherov,24,12.89,20.0,12.54
1,Patrick Kane,26,16.63,19.0,14.22
2,Connor McDavid,24,17.68,21.0,14.85
3,Sidney Crosby,19,18.44,9.0,6.74
4,John Tavares,33,23.02,13.0,13.94
5,Johnny Gaudreau,23,17.12,11.0,12.47
6,Leon Draisaitl,28,13.98,22.0,13.7
7,Artemi Panarin,19,10.71,21.0,11.41
8,Mitchell Marner,16,12.83,7.0,8.64
9,Jake Guentzel,31,17.4,13.0,8.83
10,Max Domi,22,14.16,12.0,11.54
11,Brayden Point,19,16.83,17.0,11.45
12,Claude Giroux,16,10.44,11.0,10.19
13,Alex Ovechkin,28,16.93,27.0,15.64
14,Sean Monahan,20,14.9,11.0,13.6
15,Brad Marchand,18,14.1,21.0,10.48
16,Steven Stamkos,22,11.01,14.0,9.83
17,Tomas Tatar,20,14.07,10.0,10.2
18,Aleksander Barkov,18,13.88,13.0,10.07
19,David Krejci,12,9.69,5.0,5.67
20,Jonathan Huberdeau,16,14.42,15.0,9.65
21,Nathan MacKinnon,23,16.43,18.0,14.42
22,Jack Eichel,16,15.32,17.0,11.31
23,Timo Meier,22,20.58,17.0,15.87
24,Auston Matthews,23,18.57,30.0,17.77
25,Matt Duchene,22,14.07,8.0,9.54
26,Tyler Seguin,19,18.7,9.0,13.67
27,Mark Stone,22,14.78,13.0,13.85
28,Tomas Hertl,17,13.91,10.0,10.35
29,Evgenii Dadonov,16,14.54,11.0,11.24
30,Cam Atkinson,25,18.56,6.0,8.66
31,Brett Connolly,21,13.56,15.0,7.52
32,Alex DeBrincat,24,13.02,7.0,11.89
33,Pierre-Luc Dubois,20,15.77,15.0,11.15
34,Phil Kessel,15,13.06,5.0,8.73
35,Jonathan Toews,19,14.75,11.0,10.37
36,Ryan O'Reilly,18,16.21,7.0,7.95
37,Evgeny Kuznetsov,8,10.45,13.0,8.26
38,Mark Scheifele,20,12.82,13.0,12.34
39,Sean Couturier,21,13.69,15.0,13.36
40,Morgan Rielly,15,6.89,2.0,3.8
41,Sam Reinhart,17,14.49,16.0,10.12
42,Brent Burns,6,7.42,7.0,6.16
43,Jeff Skinner,27,19.01,14.0,13.11
44,Brendan Gallagher,28,25.08,19.0,19.53
45,Alex Tuch,14,13.32,5.0,6.68
46,Mikko Rantanen,11,10.58,9.0,5.75
47,Nicklas Backstrom,13,9.67,5.0,6.93
48,Logan Couture,17,12.93,10.0,5.71
49,Gustav Nyquist,16,14.03,4.0,7.28
50,Ryan Johansen,10,12.36,10.0,8.51
51,Dylan Larkin,16,16.46,12.0,11.96
52,Matthew Tkachuk,17,14.42,12.0,13.41
53,Mark Giordano,10,5.97,2.0,3.95
54,Evgeni Malkin,11,11.98,16.0,10.73
55,Blake Wheeler,13,12.83,14.0,11.18
56,Teuvo Teravainen,11,10.48,8.0,9.21
57,Jakub Vrana,22,13.63,22.0,13.32
58,Sebastian Aho,14,17.81,21.0,13.13
59,Alexander Radulov,17,14.11,7.0,9.88
60,Evander Kane,21,19.04,9.0,13.44
61,Ryan Dzingel,20,12.51,3.0,7.47
62,Andrew Shaw,16,13.79,2.0,3.49
63,Mika Zibanejad,14,11.85,19.0,10.88
64,Phillip Danault,10,11.58,11.0,11.51
65,David Pastrnak,20,12.69,25.0,15.08
66,Mathew Barzal,14,12.79,13.0,12.41
67,Elias Pettersson,14,8.32,18.0,11.31
68,Josh Bailey,12,9.47,8.0,6.53
69,Elias Lindholm,13,10.7,17.0,8.63
70,Travis Konecny,18,13.66,18.0,11.1
71,Mikael Backlund,16,15.67,8.0,12.54
72,Chris Kreider,19,14.37,14.0,9.96
73,Vladimir Tarasenko,19,17.28,1.0,1.51
74,William Karlsson,15,12.91,11.0,11.94
75,Jonathan Marchessault,15,16.08,13.0,14.36
76,Tyler Bertuzzi,15,11.65,16.0,12.01
77,Dylan Strome,12,8.64,8.0,7.01
78,Patrice Bergeron,14,11.92,13.0,9.0
79,Joe Pavelski,21,17.07,5.0,9.99
80,Jamie Benn,18,13.93,8.0,11.58
81,Jakub Voracek,12,10.82,7.0,7.22
82,Brock Nelson,19,13.71,15.0,12.58
83,Kevin Hayes,10,10.84,12.0,11.4
84,Gabriel Landeskog,17,14.21,10.0,10.98
85,Andreas Johnsson,16,9.75,3.0,5.25
86,Brayden Schenn,10,15.51,14.0,7.87
87,Nino Niederreiter,17,15.88,7.0,9.66
88,Erik Gustafsson,9,5.17,4.0,3.71
89,Kyle Connor,18,13.52,21.0,13.92
90,Justin Williams,12,17.61,5.0,2.91
91,Zach Parise,15,14.98,9.0,11.37
92,Anze Kopitar,17,11.91,12.0,9.16
93,Ryan McDonagh,7,5.21,0.0,1.99
94,Tyler Johnson,23,14.14,12.0,9.66
95,Ryan Nugent-Hopkins,15,13.75,15.0,10.68
96,Yanni Gourde,14,11.07,6.0,8.62
97,Andreas Athanasiou,21,13.74,7.0,8.34
98,Josh Anderson,20,16.25,1.0,4.42
99,Kasperi Kapanen,14,14.9,10.0,7.57
100,Viktor Arvidsson,25,13.21,11.0,8.89
101,Thomas Chabot,10,6.38,6.0,5.94
102,Duncan Keith,5,4.9,0.0,2.82
103,T.J. Oshie,15,10.32,13.0,9.48
104,John Carlson,8,5.27,11.0,5.6
105,Roman Josi,9,8.48,10.0,7.54
106,Cody Eakin,17,9.08,4.0,5.35
107,Zach Hyman,14,14.88,12.0,11.58
108,Jonathan Drouin,11,9.5,6.0,3.85
109,Bo Horvat,15,14.63,6.0,11.51
110,Kevin Labanc,13,10.58,11.0,12.8
111,Dominik Kahun,11,10.43,10.0,5.87
112,Eric Staal,14,15.88,13.0,8.98
113,Ryan Getzlaf,11,7.62,9.0,8.8
114,Kris Letang,10,6.5,6.0,5.34
115,Reilly Smith,13,12.89,17.0,12.21
116,Joonas Donskoi,13,11.83,10.0,8.84
117,Brandon Saad,14,14.26,16.0,12.21
118,Filip Forsberg,15,15.74,12.0,11.35
119,Chris Tierney,6,7.77,5.0,7.51
120,Oliver Bjorkstrand,19,11.23,18.0,10.82
121,Colin White,8,10.68,5.0,6.8
122,Brock Boeser,16,11.17,10.0,10.6
123,Brady Tkachuk,17,17.35,17.0,22.6
124,Joe Thornton,10,6.7,4.0,5.41
125,Dustin Brown,10,11.29,13.0,11.8
126,Carl Soderberg,15,12.81,9.0,10.26
127,Anders Lee,15,15.89,15.0,16.99
128,Boone Jenner,12,12.62,7.0,11.91
129,Artturi Lehkonen,11,12.91,12.0,11.75
130,Travis Zajac,12,9.13,6.0,6.72
131,Paul Stastny,10,11.67,10.0,13.85
132,Nick Foligno,15,8.73,8.0,10.11
133,Jared Spurgeon,10,4.71,8.0,4.1
134,Tyson Barrie,11,7.88,4.0,5.2
135,Craig Smith,17,13.59,14.0,13.23
136,Artem Anisimov,13,12.99,9.0,6.99
137,David Perron,14,7.43,11.0,8.32
138,Max Pacioretty,16,13.19,20.0,18.54
139,Jake Muzzin,8,4.44,6.0,3.69
140,Nazem Kadri,11,12.01,15.0,7.16
141,Jaden Schwartz,7,11.87,9.0,10.74
142,Tom Wilson,15,10.9,9.0,11.83
143,Vinnie Hinostroza,11,13.0,5.0,8.17
144,Jesperi Kotkaniemi,10,8.82,5.0,3.2
145,Jason Pominville,15,9.54,,
146,Jeff Petry,6,5.28,4.0,4.74
147,Antoine Roussel,8,8.31,6.0,4.97
148,Mike Hoffman,15,10.42,14.0,7.21
149,Kyle Palmieri,16,10.37,13.0,10.57
150,Richard Panik,11,11.65,9.0,5.58
151,Mikael Granlund,10,12.37,9.0,9.44
152,Jimmy Vesey,13,13.44,8.0,9.26
153,Nico Hischier,11,11.63,11.0,9.09
154,Bryan Little,8,8.28,1.0,0.58
155,Michael Frolik,12,10.19,4.0,4.9
156,Alex Killorn,12,11.47,16.0,6.98
157,James van Riemsdyk,14,9.14,15.0,11.52
158,Lars Eller,10,12.74,10.0,12.39
159,Mikkel Boedker,5,6.91,1.0,2.18
160,Ryan Ellis,4,4.37,3.0,2.63
161,Mattias Ekholm,4,4.84,7.0,5.27
162,Bryan Rust,15,12.73,16.0,11.43
163,Marcus Sorensen,15,11.52,6.0,8.67
164,Oskar Sundqvist,12,10.87,11.0,8.66
165,Darnell Nurse,8,6.96,4.0,5.91
166,Nikolaj Ehlers,16,11.09,18.0,11.45
167,Kevin Fiala,10,14.06,13.0,8.74
168,Oskar Lindblom,13,12.71,8.0,5.56
169,Valtteri Filppula,14,6.77,4.0,5.55
170,Nick Bonino,13,6.25,16.0,9.67
171,Tyler Bozak,9,10.02,10.0,7.45
172,Jason Zucker,12,15.35,10.0,7.55
173,Charlie Coyle,10,12.03,12.0,9.86
174,Dougie Hamilton,14,8.53,9.0,5.73
175,Anthony Mantha,13,10.95,8.0,8.87
176,Conor Sheary,8,11.01,9.0,8.36
177,Travis Sanheim,6,4.99,7.0,5.2
178,Danton Heinen,10,9.11,7.0,7.45
179,Vince Dunn,8,4.69,5.0,4.92
180,Jake DeBrusk,17,11.0,12.0,10.76
181,Anthony Cirelli,11,10.68,11.0,10.31
182,Frans Nielsen,10,6.87,3.0,4.54
183,Shea Weber,9,3.5,8.0,4.56
184,Derek Stepan,9,12.07,7.0,9.09
185,Jakob Silfverberg,16,11.69,13.0,9.94
186,Casey Cizikas,15,9.95,6.0,6.0
187,Micheal Ferland,10,13.4,1.0,0.94
188,Blake Coleman,13,15.33,16.0,13.75
189,Scott Laughton,9,11.15,12.0,5.29
190,Damon Severson,8,4.63,4.0,3.97
191,Anthony Duclair,12,9.74,14.0,10.46
192,Frank Vatrano,18,15.29,9.0,8.95
193,Zach Werenski,8,6.85,10.0,6.82
194,Anthony Beauvillier,17,14.03,11.0,10.41
195,Dominik Simon,7,10.26,7.0,8.14
196,Mikhail Sergachev,5,5.31,4.0,3.78
197,Nolan Patrick,10,11.56,,
198,Alex Iafallo,11,10.27,8.0,8.3
199,Ryan Suter,3,4.83,5.0,2.66
200,Bobby Ryan,7,9.15,4.0,2.58
201,Patric Hornqvist,11,13.81,13.0,10.59
202,Leo Komarov,4,6.87,2.0,3.54
203,Jordan Eberle,12,11.68,12.0,11.26
204,Adam Henrique,10,9.81,18.0,13.14
205,Dmitry Orlov,3,4.41,2.0,4.17
206,Ondrej Palat,5,8.05,11.0,10.39
207,J.T. Miller,9,7.72,18.0,11.94
208,Ryan Murray,0,3.36,2.0,1.54
209,Andre Burakovsky,11,7.9,16.0,5.8
210,Ryan Hartman,11,11.43,8.0,9.04
211,Seth Jones,5,6.42,4.0,3.93
212,Brandon Montour,6,7.02,4.0,2.89
213,Noah Hanifin,3,4.95,4.0,5.64
214,Mathieu Joseph,13,7.16,4.0,3.43
215,Derek Ryan,10,7.59,8.0,7.88
216,Brandon Tanev,11,9.49,6.0,6.25
217,Patrik Laine,13,10.67,15.0,10.47
218,Andrei Svechnikov,13,16.48,13.0,13.41
219,Mathieu Perreault,11,7.68,5.0,5.52
220,Erik Karlsson,1,4.57,4.0,3.25
221,Zack Kassian,12,10.1,15.0,10.2
222,Mats Zuccarello,9,7.5,11.0,6.62
223,Jacob Trouba,3,5.84,3.0,5.54
224,Jared McCann,9,8.79,11.0,9.49
225,Ivan Barbashev,11,6.9,7.0,8.21
226,Jordan Greenway,11,9.75,8.0,6.77
227,Clayton Keller,13,12.11,14.0,12.3
228,Jesper Bratt,6,5.92,14.0,7.11
229,Robert Thomas,5,5.95,9.0,7.12
230,Patrick Marleau,11,12.22,9.0,10.03
231,Thomas Vanek,10,6.66,,
232,Loui Eriksson,8,8.79,4.0,4.95
233,Paul Byron,11,8.31,3.0,3.13
234,Zack Smith,7,8.7,3.0,2.88
235,TJ Brodie,4,4.23,3.0,2.09
236,David Savard,7,5.81,0.0,2.85
237,Tyler Toffoli,6,15.85,16.0,14.72
238,Rickard Rakell,9,11.38,11.0,14.12
239,Mark Jankowski,8,8.47,5.0,4.53
240,Radek Faksa,10,11.61,8.0,9.44
241,Colton Sissons,10,10.48,8.0,4.74
242,Connor Brown,6,7.87,13.0,12.15
243,Alexander Kerfoot,9,8.84,8.0,9.08
244,Pavel Buchnevich,11,9.27,11.0,11.08
245,Andrew Copp,9,9.57,9.0,8.24
246,Ryan Pulock,3,6.02,5.0,4.13
247,Aaron Ekblad,7,5.53,4.0,5.63
248,Michal Kempny,6,3.49,3.0,3.04
249,Miro Heiskanen,8,6.89,3.0,6.13
250,Rasmus Dahlin,4,5.0,2.0,2.22
251,Ilya Kovalchuk,9,7.64,6.0,6.7
252,Braydon Coburn,3,4.35,1.0,1.53
253,Marc-Edouard Vlasic,3,3.81,3.0,2.53
254,Jordan Staal,9,10.7,6.0,12.29
255,Matt Calvert,9,9.97,8.0,7.22
256,Victor Hedman,8,7.1,7.0,5.71
257,Nic Dowd,8,5.38,4.0,3.88
258,Brenden Dillon,0,2.79,1.0,1.92
259,Justin Faulk,4,5.91,4.0,5.42
260,Taylor Hall,7,7.12,9.0,13.34
261,Nick Cousins,6,11.48,7.0,9.13
262,Cody Ceci,6,4.56,1.0,2.34
263,Devin Shore,6,7.01,5.0,4.11
264,Jordan Martinook,12,17.38,2.0,4.74
265,Brock McGinn,7,12.65,5.0,7.99
266,Mattias Janmark,6,8.91,3.0,6.07
267,Shea Theodore,6,5.25,9.0,7.74
268,Rasmus Ristolainen,3,4.79,4.0,2.95
269,Sam Bennett,9,11.01,8.0,7.43
270,William Nylander,6,10.58,19.0,15.2
271,Nick Ritchie,6,7.71,7.0,7.76
272,Adrian Kempe,10,7.09,4.0,8.31
273,Austin Wagner,12,7.43,5.0,12.77
274,Ivan Provorov,7,6.01,5.0,4.67
275,Evan Rodrigues,7,7.96,4.0,5.2
276,Charlie McAvoy,5,4.25,2.0,3.8
277,Brett Howden,6,7.41,7.0,7.04
278,Tyson Jost,7,8.21,7.0,8.56
279,Alex Pietrangelo,6,4.88,8.0,6.69
280,Colin Wilson,7,7.17,0.0,1.06
281,Jake Gardiner,3,2.78,2.0,2.52
282,Jordie Benn,3,2.49,1.0,1.3
283,Alex Chiasson,12,9.8,5.0,6.5
284,Luke Glendening,9,10.2,3.0,6.37
285,Adam Pelech,5,4.56,1.0,1.81
286,Miles Wood,8,10.98,9.0,10.32
287,J.T. Compher,9,8.38,9.0,7.02
288,Lawson Crouse,8,10.76,10.0,8.78
289,Drake Caggiula,10,8.34,8.0,5.62
290,Brad Richardson,14,8.9,5.0,7.46
291,Troy Brouwer,10,6.91,1.0,1.23
292,Matt Niskanen,6,3.93,2.0,3.07
293,Erik Johnson,5,5.35,2.0,3.88
294,Carl Hagelin,5,8.52,6.0,8.16
295,Tyler Myers,7,6.23,4.0,5.13
296,Kyle Clifford,9,11.08,7.0,9.34
297,Brian Dumoulin,3,3.64,0.0,1.42
298,Oscar Lindberg,9,8.2,,
299,Nick Bjugstad,11,12.27,1.0,1.3
300,John Klingberg,4,4.14,3.0,3.85
301,Brian Gibbons,8,5.1,0.0,0.74
302,Matt Nieto,3,6.36,6.0,7.68
303,Ryan Strome,9,8.58,10.0,11.41
304,Brady Skjei,6,5.33,7.0,4.97
305,Tanner Pearson,15,11.71,11.0,11.7
306,Brendan Leipsic,6,6.34,3.0,4.67
307,Esa Lindell,4,4.49,1.0,2.75
308,Jaccob Slavin,2,4.16,5.0,4.58
309,Jake Virtanen,11,9.33,11.0,11.26
310,Troy Stecher,1,3.16,5.0,2.68
311,Alexander Steen,7,7.31,6.0,6.07
312,Mike Green,4,3.0,2.0,2.22
313,Blake Comeau,7,8.66,7.0,4.94
314,Keith Yandle,2,4.39,2.0,2.42
315,Wayne Simmonds,10,10.82,3.0,7.49
316,Oliver Ekman-Larsson,5,5.79,5.0,4.15
317,Ben Chiarot,4,3.68,7.0,4.97
318,Nick Jensen,2,3.77,0.0,2.44
319,Calle Jarnkrok,7,8.34,9.0,9.26
320,Kenny Agostino,6,6.2,,
321,Jesper Fast,8,10.71,10.0,10.72
322,Travis Boyd,5,3.94,3.0,2.16
323,Adam Lowry,10,11.56,2.0,4.93
324,Alex Galchenyuk,9,9.99,6.0,6.1
325,Shayne Gostisbehere,4,4.63,2.0,1.83
326,Carter Rowney,5,5.31,5.0,5.75
327,Jason Dickinson,3,7.95,9.0,7.1
328,Robert Hagg,4,4.36,2.0,1.47
329,Brett Pesce,6,3.73,4.0,4.01
330,Tony DeAngelo,4,3.4,9.0,5.28
331,Markus Nutivaara,5,4.54,2.0,2.06
332,Ron Hainsey,3,2.16,1.0,1.43
333,Ryan Reaves,6,9.61,8.0,7.59
334,Kyle Okposo,7,8.19,8.0,6.64
335,Kevin Shattenkirk,1,4.27,7.0,3.96
336,P.K. Subban,6,3.55,4.0,3.3
337,Radko Gudas,3,3.62,2.0,2.48
338,Josh Archibald,9,7.87,7.0,5.67
339,Dylan DeMelo,4,2.93,0.0,2.0
340,Sean Kuraly,5,7.45,6.0,6.02
341,Josh Leivo,11,9.98,7.0,6.11
342,Adam Larsson,3,3.75,1.0,2.28
343,Vladislav Namestnikov,7,9.3,8.0,7.98
344,Torey Krug,3,3.7,4.0,3.52
345,Pontus Aberg,9,6.76,0.0,0.2
346,Mike Matheson,6,4.17,7.0,3.82
347,Danny DeKeyser,4,2.69,0.0,0.41
348,Adam Erne,5,5.9,2.0,4.51
349,Zach Sanford,8,8.07,14.0,9.28
350,Garnet Hathaway,9,7.16,8.0,9.9
351,Brendan Lemieux,12,6.01,3.0,7.28
352,Lucas Wallmark,7,12.71,9.0,7.03
353,Christian Fischer,11,9.23,5.0,6.65
354,Jack Roslovic,4,4.57,10.0,8.59
355,Daniel Sprong,11,8.62,0.0,0.83
356,Samuel Girard,4,4.06,3.0,3.13
357,David Kampf,4,6.05,7.0,8.47
358,Pat Maroon,8,8.85,8.0,7.39
359,Drew Doughty,0,4.1,1.0,2.68
360,Zach Bogosian,2,2.58,1.0,1.11
361,Marcus Johansson,9,8.06,6.0,5.34
362,Riley Sheahan,7,10.27,5.0,6.45
363,Chris Wagner,10,12.43,5.0,7.58
364,Vincent Trocheck,5,8.3,7.0,9.46
365,Scott Mayfield,3,4.69,4.0,3.47
366,Scott Harrington,2,3.12,1.0,1.51
367,Hampus Lindholm,1,3.99,1.0,2.58
368,Zemgus Girgensons,5,7.61,9.0,6.73
369,Josh Morrissey,1,3.68,4.0,3.26
370,Brendan Perlini,11,9.59,1.0,3.9
371,Nikolay Goldobin,6,7.23,0.0,0.0
372,Marcus Pettersson,1,3.07,2.0,2.72
373,Luke Kunin,6,6.14,12.0,10.23
374,Matt Cullen,5,6.19,,
375,Jay Bouwmeester,3,3.28,1.0,1.57
376,Johnny Boychuk,2,4.52,1.0,3.04
377,Jeff Carter,7,10.79,13.0,12.21
378,Brent Seabrook,3,5.41,2.0,1.27
379,Alex Goligoski,1,2.89,2.0,2.63
380,Andrew Cogliano,5,10.01,3.0,6.23
381,Anton Stralman,2,1.91,4.0,3.78
382,Alex Biega,2,2.86,0.0,2.12
383,Milan Lucic,4,8.26,3.0,5.26
384,Cal Clutterbuck,3,8.57,2.0,2.5
385,Justin Braun,2,3.18,2.0,1.76
386,Travis Hamonic,6,4.47,2.0,2.86
387,Magnus Paajarvi,8,8.5,,
388,Nick Leddy,4,4.16,2.0,3.19
389,Marcus Foligno,7,8.33,11.0,8.59
390,Markus Granlund,8,8.1,3.0,2.6
391,Jonas Brodin,3,3.52,2.0,2.98
392,Colton Parayko,5,5.08,6.0,5.02
393,Jujhar Khaira,2,5.2,6.0,6.05
394,Brett Kulak,5,3.98,0.0,2.6
395,Cedric Paquette,11,8.57,4.0,7.2
396,Michael Raffl,4,6.01,6.0,5.81
397,Sven Andrighetto,6,5.9,,
398,Alexander Wennberg,0,4.8,4.0,3.85
399,Tomas Nosek,7,10.61,7.0,9.81
400,Ryan Donato,6,8.34,14.0,8.81
401,Warren Foegele,10,12.21,10.0,13.44
402,Ondrej Kase,10,7.58,5.0,8.76
403,Rasmus Andersson,1,2.51,4.0,3.67
404,Erik Cernak,4,3.52,4.0,4.17
405,Denis Malgin,7,4.99,2.0,4.06
406,Zach Aston-Reese,6,5.5,4.0,7.34
407,Casey Mittelstadt,9,7.46,3.0,2.17
408,Niklas Kronwall,2,2.01,,
409,Jason Spezza,6,7.27,7.0,6.02
410,Ryan Callahan,5,6.18,,
411,Justin Abdelkader,3,7.98,0.0,2.69
412,Kris Russell,3,2.69,0.0,1.52
413,Andy Greene,3,4.21,2.0,2.46
414,Derick Brassard,9,7.06,6.0,6.84
415,Calvin de Haan,1,4.62,1.0,0.94
416,Brayden McNabb,3,2.64,1.0,2.67
417,Jon Merrill,2,2.62,2.0,1.77
418,Derek Forbort,2,2.36,0.0,0.7
419,Josh Manson,3,3.7,1.0,2.35
420,MacKenzie Weegar,4,2.85,6.0,3.93
421,Will Butcher,3,3.87,3.0,2.5
422,Nikita Zadorov,7,3.82,4.0,3.04
423,Frederik Gauthier,3,4.14,7.0,3.89
424,Trevor van Riemsdyk,3,4.07,1.0,1.44
425,Pavel Zacha,7,6.45,3.0,4.76
426,Travis Dermott,4,3.58,4.0,2.15
427,Joel Eriksson Ek,7,10.91,7.0,7.98
428,Austin Czarnik,5,5.63,1.0,0.28
429,Noel Acciari,6,9.64,19.0,11.31
430,Filip Hronek,4,2.48,4.0,2.72
431,Filip Chytil,6,12.23,13.0,9.17
432,Mikko Koivu,4,5.23,3.0,6.11
433,Marc Staal,3,3.23,2.0,1.62
434,James Neal,5,8.61,5.0,6.52
435,Darren Helm,6,7.13,8.0,7.03
436,Kyle Turris,2,4.47,7.0,5.84
437,Colton Sceviour,4,7.9,6.0,7.26
438,Alec Martinez,4,3.02,3.0,2.16
439,Nick Holden,3,3.36,4.0,3.1
440,Tyler Ennis,10,5.64,11.0,13.63
441,Derek Grant,4,4.81,7.0,6.91
442,Matt Martin,5,5.77,5.0,5.48
443,Johan Larsson,5,6.07,5.0,5.79
444,Rocco Grimaldi,5,6.41,10.0,10.21
445,Joel Armia,7,8.63,10.0,11.22
446,Connor Murphy,5,2.63,3.0,3.28
447,Colin Miller,1,3.12,0.0,2.0
448,Barclay Goodrow,6,6.71,8.0,9.85
449,Matthew Benning,3,3.02,1.0,1.34
450,Nate Schmidt,4,3.33,4.0,4.07
451,Ryan Carpenter,3,8.52,2.0,8.64
452,Melker Karlsson,9,6.4,5.0,4.81
453,Devon Toews,3,3.24,3.0,3.88
454,Andrew Mangiapane,8,6.14,15.0,12.31
455,Roope Hintz,5,6.84,12.0,9.64
456,Par Lindholm,1,5.85,3.0,2.65
457,David Backes,5,7.53,0.0,2.53
458,Alexander Edler,4,2.57,3.0,2.02
459,Dan Girardi,3,3.55,,
460,Trevor Lewis,3,6.06,6.0,8.4
461,Ian Cole,1,2.92,4.0,3.67
462,Marco Scandella,6,2.56,4.0,2.72
463,Brandon Pirri,9,6.11,0.0,1.93
464,Jordan Weal,4,5.65,6.0,6.08
465,Cam Fowler,2,2.66,7.0,2.82
466,Austin Watson,4,5.06,6.0,4.25
467,Jean-Gabriel Pageau,4,5.94,15.0,9.9
468,Jamie Oleksiak,4,2.32,3.0,3.11
469,Oscar Klefbom,1,5.25,3.0,4.03
470,Jake McCabe,3,2.8,2.0,1.93
471,Tyler Motte,6,9.13,4.0,2.67
472,Jordan Oesterle,3,2.66,3.0,2.43
473,Conor Garland,9,6.28,16.0,9.97
474,Brett Seney,5,4.31,0.0,0.14
475,Nikita Zaitsev,3,2.36,0.0,2.27
476,Brian Boyle,9,7.2,5.0,4.9
477,Dustin Byfuglien,2,3.98,,
478,Drew Stafford,4,5.58,,
479,Sam Gagner,4,4.47,3.0,6.15
480,Brendan Smith,4,4.98,2.0,3.11
481,Sami Vatanen,1,2.99,4.0,2.11
482,Marcus Kruger,4,6.17,,
483,Greg McKegg,6,3.68,3.0,4.75
484,Joakim Nordstrom,6,6.4,4.0,3.84
485,Nathan Beaulieu,3,1.83,1.0,1.28
486,Derrick Pouliot,2,2.45,0.0,0.01
487,Pierre-Edouard Bellemare,4,9.05,7.0,5.51
488,Nick Schmaltz,1,4.13,9.0,7.02
489,Jayce Hawryluk,7,3.9,3.0,2.6
490,Michael Amadio,6,3.77,6.0,7.8
491,Jakob Chychrun,2,3.06,7.0,4.21
492,Henrik Borgstrom,5,3.35,0.0,0.18
493,Michael Rasmussen,2,5.3,,
494,Kiefer Sherwood,6,5.68,0.0,1.29
495,Zdeno Chara,4,3.51,4.0,2.56
496,Chris Kunitz,5,4.72,,
497,Nate Thompson,4,4.71,4.0,6.39
498,Andrew Ladd,3,2.65,1.0,0.4
499,Vladimir Sobotka,3,4.61,1.0,1.4
500,Riley Nash,2,7.02,4.0,4.6
501,Jay Beagle,1,3.33,1.0,5.5
502,Tim Heed,1,1.21,1.0,1.12
503,Mike Reilly,2,3.89,0.0,2.48
504,Ty Rattie,4,7.58,,
505,Joel Edmundson,2,3.46,6.0,4.51
506,Matt Dumba,6,3.19,4.0,4.67
507,Olli Maatta,0,2.0,4.0,3.02
508,Chandler Stephenson,4,3.2,7.0,6.64
509,Connor Carrick,2,2.42,1.0,0.78
510,Christian Djoos,1,1.32,0.0,0.22
511,Tim Schaller,3,4.47,4.0,5.24
512,Madison Bowey,2,2.15,3.0,2.9
513,Adam Gaudette,5,4.39,7.0,6.32
514,Mason Appleton,3,2.36,4.0,4.5
515,Victor Mete,0,4.22,4.0,3.07
516,Tage Thompson,6,7.28,0.0,0.08
517,Lukas Radil,6,4.78,0.0,0.67
518,Brooks Orpik,2,1.16,,
519,Deryk Engelland,2,2.81,1.0,1.46
520,Ben Lovejoy,2,2.81,,
521,Robert Bortuzzo,2,3.19,2.0,1.5
522,Michael Del Zotto,1,2.32,2.0,2.42
523,Justin Schultz,1,1.52,3.0,2.69
524,Dale Weise,4,5.69,1.0,1.2
525,John Moore,1,3.13,2.0,1.34
526,Erik Gudbranson,2,2.89,4.0,2.23
527,Mark Pysyk,1,2.6,8.0,5.24
528,Tobias Rieder,0,7.02,2.0,7.48
529,Ben Hutton,3,2.56,4.0,4.12
530,Jacob de la Rose,3,4.01,2.0,3.85
531,William Carrier,8,8.89,7.0,9.11
532,Valeri Nichushkin,0,5.14,11.0,9.4
533,Mirco Mueller,1,1.33,2.0,1.57
534,Dryden Hunt,2,3.91,0.0,2.28
535,Rudolfs Balcers,2,5.06,1.0,2.38
536,Kevin Rooney,5,3.58,2.0,4.5
537,Matt Luff,6,3.37,1.0,2.25
538,Neal Pionk,2,4.0,3.0,4.31
539,Eric Fehr,4,5.63,,
540,Kyle Brodziak,5,6.54,,
541,Brandon Dubinsky,4,4.85,,
542,Roman Polak,1,3.14,0.0,1.77
543,Mario Kempe,3,4.17,,
544,Yannick Weber,2,1.92,1.0,1.32
545,Garrett Wilson,2,5.46,,
546,Christopher Tanev,1,1.08,1.0,2.13
547,Ryan Spooner,3,4.27,,
548,Patrik Nemeth,1,2.2,1.0,3.75
549,Tyler Pitlick,6,5.91,8.0,6.38
550,Devante Smith-Pelly,4,6.2,,
551,Taylor Fedun,4,2.59,2.0,1.55
552,Matthew Peca,3,2.61,0.0,1.18
553,Dmitrij Jaskin,2,5.38,,
554,Matt Grzelcyk,1,3.17,3.0,3.61
555,Boo Nieves,4,2.53,0.0,0.13
556,Saku Maenalanen,4,3.68,,
557,Christoffer Ehn,2,3.53,2.0,3.17
558,Gustav Forsling,2,2.28,,
559,Oliver Kylington,3,1.3,1.0,1.34
560,Christian Wolanin,3,1.27,0.0,0.24
561,Trevor Moore,2,2.22,5.0,6.08
562,Radim Simek,1,1.36,1.0,1.84
563,Sean Walker,2,2.02,3.0,5.33
564,Bogdan Kiselevich,0,0.67,,
565,Antti Suomela,3,5.08,1.0,2.01
566,Jason Demers,2,1.07,0.0,1.88
567,Greg Pateryn,1,2.43,0.0,0.54
568,Phil Varone,3,2.97,,
569,Matt Irwin,1,1.27,0.0,2.41
570,Tom Kuhnhackl,4,2.65,3.0,2.36
571,Nick Seeler,2,1.94,0.0,0.32
572,Victor Rask,3,3.08,5.0,2.89
573,Sven Baertschi,6,3.68,0.0,1.05
574,Joe Morrow,1,1.46,,
575,J.T. Brown,2,4.19,,
576,Teddy Blueger,5,2.86,9.0,7.53
577,Joakim Ryan,0,1.26,1.0,1.72
578,Colby Cave,2,5.68,1.0,0.43
579,Michael Dal Colle,3,3.27,4.0,5.53
580,Dylan Sikura,0,3.28,1.0,0.81
581,Jakob Forsbacka Karlsson,2,2.36,,
582,Brandon Carlo,2,4.2,2.0,2.48
583,Markus Hannikainen,4,4.96,,
584,Troy Terry,2,2.73,3.0,5.75
585,Maxime Lajoie,3,2.7,0.0,0.07
586,Jesse Puljujarvi,4,3.82,,
587,Sam Steel,4,1.99,4.0,7.52
588,Max Comtois,2,0.89,3.0,3.11
589,Henri Jokiharju,0,2.05,3.0,2.24
590,Jan Rutta,2,1.24,1.0,1.94
591,Igor Ozhiganov,3,1.33,,
592,Egor Yakovlev,2,1.33,,
593,Dion Phaneuf,1,2.29,,
594,Corey Perry,4,4.69,4.0,7.9
595,Jack Johnson,0,2.55,1.0,1.88
596,Adam McQuaid,3,1.02,,
597,Niklas Hjalmarsson,0,1.9,1.0,0.58
598,Jamie McGinn,3,1.95,,
599,Michael Grabner,2,5.82,7.0,5.0
600,Andrew MacDonald,0,1.7,,
601,Carl Gunnarsson,3,1.3,2.0,1.0
602,Dmitry Kulikov,0,1.65,2.0,2.41
603,Gabriel Bourque,1,2.5,2.0,2.89
604,Erik Haula,2,3.21,8.0,7.45
605,Kevan Miller,0,0.99,,
606,Lukas Sedlak,4,4.3,,
607,Stefan Noesen,2,7.09,6.0,6.68
608,Slater Koekkoek,2,1.3,1.0,2.09
609,Jean-Sebastien Dea,4,2.57,0.0,0.01
610,Christian Folin,0,2.16,1.0,0.33
611,Robby Fabbri,2,3.66,9.0,7.4
612,Christian Dvorak,1,3.11,10.0,10.48
613,Christian Jaros,1,2.04,0.0,0.23
614,Matt Roy,2,1.3,2.0,3.26
615,Casey Nelson,1,1.15,,
616,Dennis Cholowski,3,2.72,0.0,1.33
617,Drake Batherson,1,1.05,2.0,2.28
618,Lawrence Pilut,1,1.09,0.0,0.28
619,Dan Hamhuis,0,1.61,0.0,1.54
620,Trevor Daley,1,2.34,0.0,1.41
621,Jonathan Ericsson,3,1.25,0.0,0.49
622,Ryan Kesler,4,6.72,,
623,Mark Borowiecki,1,2.74,5.0,1.82
624,Chris Wideman,1,0.94,,
625,Kevin Connauton,1,2.56,0.0,0.38
626,Martin Marincin,1,1.16,1.0,1.06
627,Michael Chaput,0,2.75,0.0,0.14
628,Brett Ritchie,3,4.43,2.0,3.05
629,Miikka Salomaki,1,4.3,1.0,0.18
630,Mackenzie MacEachern,3,3.07,7.0,5.83
631,Martin Frk,0,2.16,4.0,1.88
632,Paul LaDue,2,1.2,0.0,0.04
633,John Hayden,3,4.35,3.0,2.63
634,Ben Harpur,1,1.21,,
635,Ryan Graves,3,1.03,8.0,5.06
636,Carl Dahlstrom,0,1.13,0.0,0.38
637,Josh Currie,2,1.51,,
638,Caleb Jones,1,0.56,4.0,1.31
639,Noah Juulsen,1,0.57,,
640,Jacob Larsson,0,2.55,2.0,1.77
641,Dean Kukan,0,0.69,0.0,1.58
642,Joey Anderson,2,3.31,3.0,1.9
643,Dillon Dube,1,2.48,5.0,5.89
644,Alexandre Fortin,2,2.72,,
645,Lias Andersson,1,2.71,0.0,0.73
646,Sheldon Dries,2,3.49,0.0,0.14
647,Karson Kuhlman,3,0.89,0.0,3.62
648,Taro Hirose,1,0.86,2.0,1.57
649,Korbinian Holzer,1,0.8,1.0,1.78
650,Brandon Sutter,2,2.17,6.0,5.06
651,Michael Stone,0,0.43,2.0,1.53
652,Nicolas Deslauriers,1,3.97,7.0,5.51
653,Corban Knight,1,1.17,,
654,Brandon Manning,2,1.4,1.0,0.31
655,Connor Brickley,1,1.81,,
656,Fredrik Claesson,2,1.69,1.0,0.03
657,Andy Welinski,1,1.42,,
658,Alan Quine,2,0.83,1.0,1.03
659,Kurtis Gabriel,2,0.5,,
660,Phillip Di Giuseppe,1,2.49,1.0,2.18
661,Charles Hudon,3,3.96,1.0,1.34
662,Jaycob Megna,1,0.86,,
663,Peter Cehlarik,2,3.11,0.0,0.04
664,Steven Santini,1,1.77,0.0,0.01
665,Ross Johnston,1,1.52,3.0,2.59
666,Frederick Gaudreau,3,4.65,,
667,Julius Honka,0,1.55,,
668,Juho Lammikko,0,3.07,,
669,Sammy Blais,2,2.84,6.0,5.62
670,Jonas Siegenthaler,0,0.59,2.0,1.23
671,Andreas Martinsen,1,1.75,,
672,Sami Niku,1,1.03,0.0,0.78
673,Carl Grundstrom,4,3.54,0.0,1.8
674,Max Jones,2,5.9,7.0,8.67
675,Ilya Lyubushkin,0,1.44,0.0,1.64
676,Matt Hendricks,0,1.16,,
677,Patrik Berglund,1,2.39,,
678,Steven Kampfer,2,1.42,0.0,0.39
679,Thomas Hickey,0,1.58,,
680,Micheal Haley,1,4.07,1.0,1.05
681,Zac Rinaldo,1,0.81,3.0,1.77
682,Kevin Gravel,0,1.44,0.0,0.02
683,Anthony Bitetto,0,1.51,0.0,1.56
684,Ben Street,3,1.29,0.0,0.17
685,Scott Wilson,0,1.82,1.0,0.43
686,Xavier Ouellet,0,1.38,0.0,0.35
687,Brad Hunt,1,2.39,5.0,2.74
688,Brendan Gaunce,1,0.09,0.0,0.08
689,Gemel Smith,2,1.02,1.0,0.28
690,Jonny Brodzinski,2,1.62,0.0,0.53
691,Valentin Zykov,2,2.88,0.0,1.19
692,Nic Petan,1,0.91,0.0,1.97
693,Vladislav Kamenev,0,1.19,1.0,2.07
694,Clark Bishop,1,1.47,0.0,0.39
695,Anders Bjork,1,1.43,8.0,5.71
696,Denis Gurianov,1,1.69,12.0,9.79
697,Jordan Kyrou,1,1.06,4.0,2.99
698,Nathan Bastian,3,1.03,,
699,Michael McLeod,0,1.86,0.0,0.81
700,Alexander Nylander,1,0.96,,
701,Joseph Gambardella,0,0.68,,
702,Juuso Valimaki,1,0.94,,
703,Ryan Poehling,3,0.22,1.0,2.64
704,Oscar Fantenberg,2,2.32,1.0,1.09
705,Max Veronneau,1,0.99,0.0,0.19
706,Juuso Riikola,0,1.81,1.0,1.86
707,Andrej Sekera,0,0.78,1.0,1.86
708,Matt Hunwick,0,0.39,,
709,Chris Butler,1,0.38,,
710,Tom Pyatt,0,2.51,,
711,Luke Schenn,0,1.08,1.0,0.91
712,Jori Lehtera,1,1.21,,
713,Luke Witkowski,0,0.61,1.0,0.95
714,Dalton Prout,1,0.55,0.0,0.02
715,Jordan Nolan,0,0.86,,
716,Darren Archibald,1,0.6,,
717,Andrew Agozzino,1,0.59,1.0,0.52
718,Alex Petrovic,0,1.86,,
719,Tomas Hyka,1,1.69,,
720,Chad Ruhwedel,1,0.56,2.0,1.25
721,Tyler Lewington,1,0.09,0.0,0.02
722,Josh Brown,1,0.92,3.0,2.49
723,Nick Paul,1,2.8,9.0,7.83
724,Ian McCoshen,1,0.59,,
725,Joshua Ho-Sang,1,0.71,,
726,Victor Olofsson,0,1.11,6.0,6.65
727,Danick Martel,0,1.07,,
728,A.J. Greer,1,1.02,,
729,Mikhail Vorobyev,1,0.94,1.0,0.87
730,Philippe Myers,1,0.85,4.0,2.87
731,Josh Mahura,1,0.61,1.0,0.38
732,Gavin Bayreuther,1,1.11,,
733,Martin Necas,1,0.2,11.0,6.73
734,C.J. Smith,2,1.24,,
735,Adam Johnson,0,0.27,1.0,0.54
736,Isac Lundestrom,0,0.9,0.0,0.93
737,Tomas Plekanec,1,0.72,,
738,Cody McLeod,1,2.16,,
739,Martin Hanzal,0,0.46,,
740,Matt Beleskey,1,0.15,,
741,Erik Condra,1,0.48,,
742,Karl Alzner,0,0.15,0.0,0.03
743,Eric Tangradi,0,0.58,,
744,Luca Sbisa,0,0.16,2.0,1.62
745,Zac Dalpe,0,0.03,,
746,Matt Donovan,0,0.02,,
747,Mark Barberio,1,0.44,0.0,0.86
748,Matt Bartkowski,1,0.06,,
749,Brian Lashoff,0,0.03,0.0,0.16
750,Stefan Elliott,0,0.05,,
751,Wade Megan,0,1.14,,
752,Justin Dowling,0,1.14,3.0,2.21
753,Justin Holl,0,0.15,1.0,3.93
754,Sam Carrick,0,0.41,0.0,0.89
755,Brandon Davidson,0,0.35,0.0,0.77
756,Matt Read,1,0.91,,
757,Max McCormick,1,1.09,,
758,Blake Pietila,0,1.34,,
759,Kyle Rau,0,0.54,,
760,Cameron Schilling,0,0.04,,
761,Jordan Schmaltz,0,0.37,,
762,Dominic Toninato,1,0.26,4.0,5.18
763,Kurtis MacDermid,0,0.39,3.0,1.71
764,Ashton Sautner,0,0.64,0.0,0.0
765,Connor Clifton,0,0.49,2.0,0.97
766,Remi Elie,0,0.99,,
767,Dillon Heatherington,0,0.34,,
768,Justin Bailey,0,0.38,0.0,0.03
769,Nathan Walker,0,0.17,1.0,0.6
770,Daniel Carr,1,0.9,1.0,0.91
771,Haydn Fleury,0,0.72,4.0,2.59
772,Sonny Milano,1,0.47,6.0,4.91
773,Nikita Scherbak,1,1.08,,
774,John Quenneville,1,1.27,0.0,1.13
775,Michael Bunting,1,0.63,,
776,Rourke Chartier,1,1.42,,
777,Jacob Middleton,0,0.02,0.0,0.24
778,Brendan Guhle,0,0.8,4.0,1.53
779,Jeremy Lauzon,1,0.33,1.0,1.03
780,Filip Chlapik,1,0.87,3.0,2.22
781,Tanner Fritz,0,0.77,,
782,Kalle Kossila,1,0.55,,
783,Libor Hajek,1,0.3,0.0,0.75
784,Dante Fabbro,1,0.08,3.0,2.47
785,Ben Gleason,0,0.02,,
786,Jacob MacDonald,1,0.06,,
787,Zack MacEwen,0,0.35,5.0,1.89
788,Vinni Lettieri,0,3.46,,
789,Kailer Yamamoto,1,1.43,7.0,5.38
790,Jaret Anderson-Dolan,0,0.32,0.0,0.06
791,Kristian Vesalainen,0,0.01,,
792,Eeli Tolvanen,1,0.48,,
793,Alex Formenton,1,1.53,,
794,Alexandre Texier,1,0.63,5.0,3.69
795,Calle Rosen,1,0.11,0.0,0.41
796,Joel L'Esperance,1,2.28,1.0,0.2
797,Daniel Brickley,0,0.03,,
798,Quinn Hughes,0,0.12,4.0,2.75
799,Jimmy Schuldt,0,0.03,,
800,Derek MacKenzie,0,0.0,,
801,Chris Thorburn,0,0.0,,
802,Patrick Eaves,0,0.9,,
803,Lee Stempniak,0,0.0,,
804,Marc Methot,0,0.11,,
805,Adam Cracknell,0,0.21,,
806,Stephen Gionta,0,0.5,,
807,Eric Gryba,0,0.3,,
808,David Schlemko,0,0.57,,
809,Mark Letestu,0,0.02,0.0,0.42
810,Justin Falk,0,0.22,,
811,Paul Carey,0,0.28,0.0,0.0
812,Anthony Peluso,0,0.02,,
813,Brad Malone,0,0.95,,
814,Jason Garrison,0,0.36,,
815,Cody Goloubef,0,0.1,1.0,0.63
816,Cameron Gaunce,0,0.12,1.0,0.21
817,Nate Prosser,0,0.2,,
818,Mark Alt,0,0.05,,
819,Dylan McIlrath,0,0.06,0.0,0.47
820,Zach Trotman,0,0.36,0.0,0.2
821,Erik Burgdoerfer,0,0.04,,
822,Cory Conacher,0,0.02,0.0,0.53
823,Colin Blackwell,0,0.67,3.0,2.48
824,Steven Fogarty,0,0.4,0.0,0.16
825,Reid Boucher,0,0.0,,
826,Adam Clendening,0,0.07,,
827,Ryan Murphy,0,0.02,,
828,Matt Puempel,0,0.87,,
829,Matt Tennyson,0,0.07,0.0,0.63
830,Trevor Carrick,0,0.01,0.0,0.03
831,Kevin Roy,0,0.27,,
832,Danny O'Regan,0,0.31,,
833,Jake Dotchin,0,0.33,,
834,Joseph Blandisi,0,0.78,2.0,1.08
835,Andrej Sustr,0,0.1,,
836,Anton Blidh,0,0.0,0.0,0.42
837,John Gilmour,0,0.27,0.0,0.3
838,Luke Johnson,0,1.35,0.0,0.03
839,Tyrell Goulbourne,0,0.15,,
840,Marko Dano,0,0.29,0.0,0.17
841,Laurent Dauphin,0,0.51,,
842,Samuel Morin,0,0.1,0.0,0.0
843,Curtis Lazar,0,0.0,3.0,3.65
844,Kerby Rychel,0,0.01,,
845,Dakota Mermis,0,0.0,1.0,0.39
846,Joel Hanley,0,0.46,0.0,0.08
847,Jake Chelios,0,0.14,,
848,Andreas Englund,0,0.01,0.0,0.3
849,Josh Jacobs,0,0.02,0.0,0.12
850,Nicolas Aube-Kubel,0,0.11,5.0,4.39
851,Dominic Turgeon,0,0.07,,
852,Louie Belpedio,0,0.0,,
853,Mark Friedman,0,0.01,0.0,0.03
854,Chase De Leo,0,0.25,0.0,0.11
855,Nelson Nogier,0,0.02,,
856,Anton Lindholm,0,0.03,0.0,0.02
857,Joe Hicketts,0,0.55,0.0,0.09
858,Jack Rodewald,0,0.44,,
859,Nikita Soshnikov,0,0.11,,
860,Anthony Richard,0,0.0,0.0,0.09
861,Jakub Zboril,0,0.07,,
862,Cooper Marody,0,0.53,,
863,Nicolas Roy,0,0.12,4.0,4.31
864,Guillaume Brisebois,0,0.17,,
865,Kyle Capobianco,0,0.02,1.0,0.28
866,Zach Senyshyn,0,0.49,0.0,0.14
867,Dennis Gilbert,0,0.0,1.0,0.28
868,Gabriel Carlsson,0,0.01,0.0,0.07
869,Kevin Stenlund,0,0.18,3.0,3.69
870,William Borgen,0,0.04,,
871,Colton White,0,0.01,0.0,0.07
872,Kole Sherwood,0,0.09,0.0,0.49
873,Ryan Lomberg,0,0.15,,
874,Nick Lappin,0,0.6,,
875,Ryan Lindgren,0,0.37,1.0,1.48
876,Brandon Gignac,0,0.02,,
877,Timothy Gettinger,0,0.18,,
878,Trent Frederic,0,1.6,0.0,0.01
879,Logan Brown,0,0.27,0.0,1.84
880,Riley Stillman,0,0.01,0.0,1.81
881,Jake Bean,0,0.02,,
882,Vitaly Abramov,0,0.21,1.0,0.14
883,Anthony Greco,0,0.1,,
884,Patrick Russell,0,0.81,0.0,5.82
885,Janne Kuokkanen,0,0.36,0.0,0.0
886,Rem Pitlick,0,0.0,,
887,Maxim Mamin,0,0.64,,
888,Dylan Gambrell,0,0.39,5.0,4.73
889,Urho Vaakanainen,0,0.02,0.0,0.08
890,Erik Brannstrom,0,0.07,0.0,1.08
891,Justin Kloos,0,0.17,,
892,Jakub Jerabek,0,0.02,,
893,Libor Sulak,0,0.38,,
894,Eric Robinson,0,1.82,7.0,5.93
895,Sheldon Rempal,0,0.24,,
896,Evan Bouchard,0,0.36,,
897,Filip Zadina,0,0.61,4.0,3.51
898,Jacob Nilsson,0,0.0,,
899,Logan O'Connor,0,0.06,2.0,1.64
900,Josh Teves,0,0.0,,
901,Ryan Kuffner,0,0.76,,
902,Brady Keeper,0,0.06,,
903,Nico Sturm,0,0.51,0.0,0.15
904,Brogan Rafferty,0,0.05,,
905,Blake Lizotte,0,0.12,2.0,6.78
